1	configuration_refactoring	ultralytics/utils/callbacks/mlflow.py	rename from ultralytics/yolo/utils/callbacks/mlflow.py	A reorganização do pacote desloca callbacks e descritores de datasets; o marco de caminho selecionado não é adoção inicial de MLflow.	O próprio diff identifica renomeação e conserva o callback, contrariando uma leitura de introdução funcional.
2	training_integration;configuration_refactoring	ultralytics/utils/callbacks/mlflow.py	assert SETTINGS['mlflow'] is True	A ativação do callback passa a depender da preferência persistida pelo SettingsManager, expressa em Python.	A presença da guarda permite desabilitar o envio; modificar integração não implica alteração de arquivo CONFIG.
3	configuration_refactoring;implementation_evolution	ultralytics/cfg/default.yaml	copy_paste_mode	O lançamento YOLO11 combina arquiteturas declarativas com implementação e opção de aumento de dados; Q1 também captura evolução geral do trainer.	Os YAMLs de arquitetura e a alteração de copy_paste_mode explicam coalteração sem demonstrar mudança do callback MLflow.
4	implementation_evolution	ultralytics/engine/trainer.py	AdamW	A escolha automática entre MuSGD e AdamW muda dentro do trainer; parâmetros operacionais podem mudar em CODE sem CONFIG.	O diff está restrito à estratégia do otimizador e não altera chamadas de tracking.
5	implementation_evolution	ultralytics/utils/callbacks/base.py	neptune_cb	A manutenção remove Neptune da lista de callbacks e atualiza Ray Tune; no arquivo MLflow remove apenas uma instrução operacional da docstring.	A mudança em mlflow.py é textual; o evento Q1 não demonstra nova operação MLflow.
6	configuration_refactoring;local_artifact_persistence	ultralytics/yolo/engine/trainer.py	utils.save_yaml	A introdução do trainer e defaults aproxima opções de treino e persistência de train.yaml no diretório do experimento.	Salvar YAML localmente não estabelece identidade de run num servidor MLflow nem vínculo verificável com dados externos.
7	configuration_refactoring;data_environment_reference	ultralytics/datasets/ImageNet.yaml	rename from ultralytics/yolo/data/datasets/ImageNet.yaml	A mudança para novos caminhos de datasets ocorre junto à exportação TensorFlow; remoções e adições de descritores elevam a magnitude por caminho.	A similaridade registrada na renomeação mostra que magnitude alta pode refletir deslocamento e não alteração equivalente de hiperparâmetros.
8	configuration_refactoring;implementation_evolution	ultralytics/cfg/models/v9/yolov9c.yaml	RepNCSPELAN4	Os descritores YOLOv9 nomeiam blocos também introduzidos no código, documentando dependência entre arquitetura declarada e implementação.	A topologia declarada não é prova de treinamento ou de melhoria de desempenho; não há vínculo de execução neste diff.
9	configuration_refactoring;implementation_evolution	ultralytics/cfg/default.yaml	visualize: False	A opção visualize conserva seu valor no YAML, mas passa a orientar visualização de acertos e erros no validador.	A edição é de comentário no YAML; coalteração por arquivo e magnitude semântica zero são compatíveis.
10	configuration_refactoring;data_environment_reference	ultralytics/cfg/default.yaml	channels_last:	A opção channels_last passa de falsa para escolha automática, ligada à detecção de CPU, sistema operacional e backend.	Os testes condicionam o resultado ao ambiente; a configuração versionada não determina sozinha o formato de memória efetivo.
11	configuration_refactoring;data_environment_reference	ultralytics/yolo/data/datasets/ImageNet.yaml	+names:	A inclusão de descritores de datasets e catálogos de classes aumenta a magnitude CONFIG e oferece referências de entrada para o código.	Nomes e caminhos de datasets não são hashes do conteúdo usado em cada execução e não validam a dimensão D.
12	configuration_refactoring;data_environment_reference	ultralytics/cfg/datasets/lvis.yaml	+minival:	O suporte a YOLO-World inclui descritor LVIS e reorganiza get_dataset, ligando preparação de dados e configuração.	A lista extensa de classes pesa na magnitude; sua extensão não mede esforço de implementação nem cobertura de proveniência.
13	configuration_refactoring;local_artifact_persistence	ultralytics/yolo/engine/trainer.py	attempt_load_weights(last).args	A retomada passa a recuperar argumentos do checkpoint, enquanto o YAML ImageNet recebe um mapa de nomes legíveis.	O grande mapa de classes e a correção de retomada coexistem; atribuir toda a magnitude a rastreabilidade de checkpoints seria indevido.
14	configuration_refactoring;data_environment_reference	ultralytics/cfg/datasets/open-images-v7.yaml	+names:	O suporte a Open Images incorpora catálogo de classes e lógica de preparação do dataset, ampliando o conteúdo declarativo.	Os links e nomes no descritor não comprovam execução nem recuperação de uma versão imutável das imagens.
15	configuration_refactoring;implementation_evolution	ultralytics/engine/trainer.py	"semantic"	A extensão para segmentação semântica combina novos datasets, arquitetura e tratamento específico no trainer.	Mudanças de comentários no default.yaml coexistem com descritores novos; o total não é medida exclusiva de hiperparâmetros de treino.
16	training_integration;parameter_logging;artifact_tracking	pymc_marketing/mlflow.py	+def autolog(	O módulo MLflow introduz wrappers de amostragem e MMM.fit e utilitários de registro; a mensagem curta sobre BLAS não descreve toda a alteração.	Os testes e exemplos são evidência de código; a associação PR preservada não encontrou um PR, portanto não atribuo discussão inexistente ao evento.
17	implementation_evolution	pymc_marketing/model_builder.py	model_config: Optional[Dict]	A incorporação de ModelBuilder internaliza contratos de configuração e amostragem antes do componente MLflow selecionado.	Ser parte dos caminhos Q1 não significa que esta incorporação introduziu MLflow; model_config e sampler_config são objetos Python.
18	training_integration;parameter_logging	pymc_marketing/mlflow.py	attrs = self.create_idata_attrs()	O autolog passa a registrar atributos e nomes das transformações antes de executar fit, preservando contexto mesmo antes da etapa demorada terminar.	O diff não demonstra que uma execução tenha falhado ou completado; a vantagem em falhas é uma possibilidade do ordenamento, não observação de run.
19	implementation_evolution	pymc_marketing/mmm/mmm.py	FutureWarning	O aviso de depreciação orienta migração para MMM multidimensional; a evolução da API pode afetar quais chamadores se conectam ao autolog.	A mudança visível acrescenta aviso, sem mostrar reconfiguração do tracking ou migração efetiva dos usuários.
20	implementation_evolution;local_artifact_persistence	pymc_marketing/mmm/mmm.py	serialization.serialize_model_config(self.model_config)	A serialização de model_config passa a lidar com objetos de prior e decomposição, tornando explícito o desafio de persistir configuração expressa em código.	Serialização e testes não demonstram que todos esses atributos chegaram a um run MLflow; CONFIG não cobre essas alterações Python.
21	configuration_refactoring;implementation_evolution	streamlit/mmm-explainer/config.toml	primaryColor	A aplicação Streamlit combina código executável de explicação de priors com configuração visual; a DM-027 inclui a interface em CODE.	As opções visuais do TOML contribuem para C/P sem representar hiperparâmetros de um modelo treinado.
22	configuration_refactoring;implementation_evolution	data/config_files/multi_dimensional_example_model.yml	-      nuts_sampler:	A atualização de exemplo muda opções do sampler junto à depreciação da otimização antiga de orçamento e a dados simulados.	A magnitude usa o conteúdo normalizado pelo parser do instrumento; não equivale à simples contagem visual das linhas modificadas.
23	configuration_refactoring;implementation_evolution	pymc_marketing/mmm/builders/yaml.py	_apply_and_validate_calibration_steps	O builder passa a validar e resolver etapas de calibração declaradas em YAML, conectando explicitamente o documento de configuração a métodos do modelo.	As recusas por estrutura inválida são contratos no código; não constituem incidentes de tracking observados em execução.
24	configuration_refactoring;data_environment_reference	data/config_files/cost_per_unit_example.yml	original_scale_vars:	O exemplo de custo por unidade materializa classe, canais, sampler e variáveis em escala original em YAML para construção do modelo.	O título do commit menciona notebook; o diff deve prevalecer sobre a mensagem para identificar o que foi efetivamente acrescentado.
25	configuration_refactoring;implementation_evolution	pymc_marketing/mmm/builders/yaml.py	_validate_extra_vars	A construção de modelos de funil passa a preservar extra_vars e aceitar Dataset, aproximando esquema declarativo e estrutura de dados.	A validação de alvo duplicado e de coluna de data limita os formatos aceitos; isso não valida a dimensão D do estudo nem a proveniência de runs.
26	configuration_refactoring;data_environment_reference	pymc_marketing/mmm/builders/yaml.py	build_mmm_from_yaml	A introdução do builder YAML torna explícita uma alternativa aos objetos Python, com descritores, factories e entradas tabulares preservadas no repositório.	A maior exposição de CONFIG pode decorrer dessa opção arquitetural; não autoriza comparar maturidade organizacional pela taxa C/P.
27	configuration_refactoring;data_environment_reference	data/config_files/basic_model.yml	+    target_column: "y"	A correção alinha o nome do alvo com os dados de exemplo e inclui outro descritor; a renomeação de arquivo também afeta a magnitude.	A mensagem de correção de typo resume um diff que inclui conteúdo novo; magnitude não representa apenas renomear o alvo.
28	configuration_refactoring;implementation_evolution	pymc_marketing/mmm/plotting/cv.py	MMMCVPlotSuite	A migração das visualizações de validação temporal inclui configuração geográfica de exemplo e uma dependência de visualização.	O exemplo é excluído da varredura genérica de YAMLs nos testes; sua presença não demonstra validação integral de todas as combinações declaradas.
29	configuration_refactoring;data_environment_reference	.gitattributes	filter=lfs	A atualização de orçamento multidimensional combina configuração, ambiente e declaração de armazenamento LFS para inferência NetCDF.	O ponteiro LFS e as dependências são referências; o diff sozinho não comprova recuperação de cada payload nem ambiente por run.
30	configuration_refactoring;implementation_evolution	pymc_marketing/mmm/builders/yaml.py	_validate_config_structure	A validação estrutural passa a recusar seções YAML indevidamente aninhadas e alerta sobre chaves desconhecidas, reduzindo descarte silencioso de opções.	As fixtures de erro demonstram casos previstos no código; não medem incidência desses erros entre usuários.
31	training_integration;artifact_tracking	src/anomalib/loggers/mlflow.py	class AnomalibMLFlowLogger(ImageLoggerBase, MLFlowLogger):	O adaptador MLflow herda operações do Lightning e oferece interface de imagem, acompanhado de exemplo de logger injetável.	A herança e o notebook não comprovam uso público do serviço; disponibilidade de add_image não garante chamada automática no SHA congelado.
32	configuration_refactoring;implementation_evolution	src/anomalib/models/ai_vad/config.yaml	deleted file mode	A transição de arquitetura remove configurações antigas e introduz Engine; essa reorganização contribui para um evento de magnitude elevada.	A mensagem agregada contém várias mudanças históricas; o diff de primeira revisão é a base, sem atribuir cada remoção a MLflow.
33	implementation_evolution	src/anomalib/engine/engine.py	+        export_type: ExportType | str,	A manutenção da exportação ajusta tipo aceito, ajuda de CLI e exemplos de checkpoint no Engine.	Não há alteração do componente MLflow: pertencer a Q1 pelo caminho do Engine não implica mudança de tracking.
34	local_artifact_persistence	src/anomalib/models/components/base/export_mixin.py	model_file_name + ".onnx"	O nome do modelo exportado passa a ser configurável e propagado pelo Engine para os formatos de saída.	Nome de arquivo não é identificador imutável de versão nem evidência de registro automático em MLflow.
35	implementation_evolution	src/anomalib/engine/engine.py	MaxStepsProgressCallback	O Engine passa a registrar callback que corrige a visualização de progresso para treino por passos, dentro de uma entrega com novos modelos.	Trata-se de callback de progresso; nenhuma operação MLflow é acrescentada por essa linha.
36	configuration_refactoring;data_environment_reference	anomalib/models/dfkde/config.yaml	+  logger: false	A árvore inicial já reúne opções de dados, modelos e Trainer, evidenciando uma base declarativa anterior ao logger MLflow.	O descritor inicial desabilita logger; a existência de configuração não prova registro de experimento.
37	configuration_refactoring;implementation_evolution	anomalib/models/dfm/config.yaml	@@ -79,7 +79,6 @@ trainer:	A padronização do console logger ocorre junto à remoção de linhas vazias em YAML; isso exemplifica C/P com magnitude semântica nula.	Logging de console e logger de experimento são contratos distintos; o diff não deve ser interpretado como adoção MLflow.
38	configuration_refactoring;implementation_evolution	anomalib/models/patchcore/config.yaml	+  test_batch_size: 32	A otimização do cálculo PatchCore acompanha aumento do batch de teste, ligando parâmetro declarativo e tratamento de vizinhos no código.	As alterações de estilo em outros módulos não são novas funcionalidades e a alegação de desempenho não foi reproduzida com benchmark.
39	training_integration;configuration_refactoring;local_artifact_persistence	src/anomalib/engine/engine.py	logger: Logger | Iterable[Logger] | bool | None = None	O Engine recebe logger como argumento e centraliza criação de diretório versionado, preparando a injeção de integração e organização de saídas.	A assinatura aceita ausência de logger; diretório versionado por convenção não comprova proveniência completa nem ativação MLflow.
40	configuration_refactoring;data_environment_reference	src/anomalib/data/datamodules/depth/adam_3d.py	resolve_dataset_root	A entrega reúne novos dados/modelos e migra resolução de diretórios de datasets, compondo uma atualização ampla da biblioteca.	As mudanças de release coexistem no mesmo evento; não atribuo a magnitude CONFIG exclusivamente à resolução de diretórios.
41	configuration_refactoring	src/anomalib/models/cfa/config.yaml	rename from anomalib/models/cfa/config.yaml	A adoção do layout src desloca configurações e código sem alterar o conteúdo de vários YAMLs; a regra A/D amplia a magnitude medida.	A similaridade integral nas renomeações contraria a interpretação de que todas as chaves contadas mudaram de significado.
42	configuration_refactoring	configs/model/cfa.yaml	deleted file mode	A retirada temporária de configurações da CLI na release reduz a superfície declarativa, mas ainda contribui positivamente à magnitude de mudanças.	A mensagem anuncia retorno quando a CLI estiver pronta; remoção não demonstra abandono de configuração nem redução da rastreabilidade em uso.
43	configuration_refactoring;implementation_evolution	configs/model/cflow.yaml	+  class_path: anomalib.models.Cflow	A nova CLI usa class_path e init_args para ligar classes de dados e modelos às configurações e callbacks.	Declarar callbacks e classes não comprova que o treino foi executado ou que algum logger remoto recebeu os resultados.
44	configuration_refactoring	src/anomalib/configs/data/avenue.yaml	rename from src/configs/data/avenue.yaml	As configurações são movidas para dentro do pacote e o empacotamento é ajustado; a magnitude reflete A/D em caminhos diferentes.	As renomeações preservam conteúdo; o evento seguinte move novamente esses descritores, sem evidenciar mudança equivalente de parâmetros.
45	configuration_refactoring	configs/data/avenue.yaml	rename from src/anomalib/configs/data/avenue.yaml	As configurações retornam à raiz e deixam o pacote, revertendo a localização anterior; o movimento constitui evento próprio de magnitude elevada.	Este evento pertence a Q3 e não a Q2; mudanças em configuração e teste não asseguram presença de CODE elegível.
